263.7988586426,265.1009216309,,365.037666667,0.2773379771
273.3330993652,274.7031555176,,376.469333333,0.2739565347
265.8284912109,267.0133666992,,386.584,0.3123655112
265.2508544922,266.4161071777,,384.966655914,0.3109770667
265.7813720703,266.9862976074,,365.307924731,0.2724456436
256.8069458008,258.2015075684,,368.367655914,0.3028515352
257.5304870605,258.918548584,,376.661,0.3162804563
255.270401001,256.5986633301,,381.112580645,0.3301968658
268.3885803223,269.5723266602,,381.496333333,0.2964845088
271.668182373,272.8708190918,,373.004870968,0.2716765825
277.318572998,278.5584106445,,370.098634409,0.2506900939
279.5917358398,280.7940673828,,376.797,0.2579778081
269.4550476074,270.8305969238,,387.798709677,0.3051677561
291.4958190918,292.8193664551,,378.269666667,0.2293967908
275.9671325684,277.1281738281,,369.660967742,0.2534588267
278.0591125488,279.2551574707,,369.073043011,0.2466014037
281.9981079102,283.2216491699,,365.700494624,0.2288823448
275.784942627,276.952545166,,369.277333333,0.2531766298
273.9399414063,275.0958557129,,368.412946237,0.2564323697
276.1199645996,277.291595459,,367.878064516,0.249425309
266.063659668,267.3349914551,,377.327849462,0.2948740464
263.9596557617,265.2001953125,,379.980021505,0.3053328048
261.7924804688,263.0281982422,,372.723548387,0.2976229122
259.8083190918,261.0561828613,,380.57627957,0.3173291846
263.49609375,264.7102050781,,388.773225806,0.3222370362
258.7711486816,260.0321350098,,389.347053763,0.3353714991
256.745880127,258.0206298828,,386.91,0.3364196321
257.8800964355,259.1540222168,,379.079526882,0.3197203274
259.2717590332,260.5329589844,,381.201666667,0.3198567013
260.2538146973,261.5813598633,,389.157483871,0.3312378009
258.1475219727,259.4407958984,,391.833225806,0.3411801119
255.5116577148,256.7954406738,,385.971752688,0.3380042557
255.4365081787,256.7112731934,,378.248268817,0.3246855855
255.6553955078,256.9097595215,,377.437666667,0.3226553201
254.6180267334,255.8513031006,,379.718,0.3294549462
252.4756317139,253.634552002,,384.22516129,0.3428966732
253.2743835449,254.4127044678,,387.456333333,0.3463150251
251.3056488037,252.3966369629,,391.536333333,0.3581549721
258.0493164063,258.9356384277,,381.235483871,0.3231235619
261.1233520508,262.0273742676,,376.228,0.3059438637
258.8336486816,259.7114257813,,376.265483871,0.312098346
260.9960327148,261.8976745605,,369.498387097,0.2936477077
260.3612365723,261.2467651367,,370.694,0.2976383848
266.6872253418,267.5576782227,,368.213870968,0.2757273792
253.5247955322,254.5153198242,,362.733505376,0.3010714704
254.2168579102,255.1844787598,,360.871043011,0.2955465316
249.9871368408,250.9112091064,,357.048322581,0.2998506896
247.669418335,248.5765533447,,355.741526882,0.3037939076
247.7838745117,248.673538208,,354.602731183,0.3012352903
247.8506164551,248.6884918213,,348.710967742,0.28923768
253.8599395752,254.517578125,,343.79411828,0.2615931278
253.8183746338,254.4433135986,,339.886365591,0.2532257827
254.2737121582,254.8603210449,,320.451215054,0.2065135028
253.3479919434,253.9240264893,,321.699946237,0.2124711399
253.7595977783,254.2985076904,,326.950774194,0.2238599269
256.5162658691,257.0570373535,,316.607795699,0.1897980108
257.1516418457,257.7295837402,,305.481215054,0.1582080037
254.5184173584,255.036895752,,302.190505376,0.1577550822
249.5840911865,250.0242156982,,297.384193548,0.1607351816
246.5343780518,246.9991760254,,295.270333333,0.1650553739
246.9898529053,247.4331970215,,294.995806452,0.1627343593
245.7144622803,246.11328125,,295.491322581,0.1684545585
261.0414123535,261.4762268066,,289.373698925,0.0979089899
260.308380127,260.6994934082,,290.36483871,0.1035127349
258.6564331055,259.0180969238,,284.551,0.0910014967
252.0813293457,252.2608184814,,283.125,0.1096465189
252.7203521729,252.8733978271,,275.387931034,0.0823114462
257.2288208008,257.3905944824,,267.825333333,0.039565012
256.1711425781,256.1782836914,,271.402962963,0.056122528
256.9478149414,256.9099731445,,271.802608696,0.0546528741
258.1166687012,258.1709899902,,269.682380952,0.0428864215
258.9662475586,259.2871704102,,265.791111111,0.0256775463
259.0582885742,259.3448791504,,265.339,0.0236705174
255.0306854248,255.0431213379,,256.471666667,0.0056184812
253.9808959961,254.0140380859,,249.134075269,0.019454668
254.4868011475,254.5076751709,,248.667548387,0.0234017378
257.5032348633,257.5431213379,,247.163064516,0.0418354189
258.1974487305,258.1394958496,,250.266634409,0.0316894593
257.1192932129,256.9965820313,,246.569731183,0.0427853086
256.9051818848,256.7423400879,,248.039150538,0.0357444836
258.3661193848,258.2371826172,,244.329602151,0.0574491061
258.2077941895,258.0166015625,,243.621548387,0.0598725601
258.407623291,258.1840209961,,240.387096774,0.0749646165
258.1597290039,257.8828735352,,243.578784946,0.0598613055
258.7327270508,258.4673461914,,242.982473118,0.0648205351
259.5256652832,259.2424316406,,242.57116129,0.0698949698
254.9801635742,254.5124816895,,240.385774194,0.0607123671
253.6984558105,253.2282867432,,241.545866667,0.0503117247
253.5707092285,253.0755462646,,243.083387097,0.0431428995
255.7234954834,255.2085113525,,241.500623656,0.0588937271
258.5571289063,258.0466003418,,244.782333333,0.0562736509
261.1260070801,260.504699707,,236.027096774,0.1063391053
273.1976928711,272.5658874512,,237.918,0.1482850935
273.3788757324,272.6692504883,,235.820645161,0.1592660835
274.1546630859,273.4672241211,,236.587333333,0.1587884238
268.7871704102,268.1259765625,,240.091849462,0.119518097
266.269317627,265.5762939453,,235.361333333,0.1313214191
264.3363647461,263.6787109375,,231.927849462,0.139735333
261.858581543,261.1049194336,,234.136333333,0.1184021626
260.9237670898,260.1274108887,,232.633571429,0.1216083968
258.3078918457,257.4444885254,,235.263321839,0.0979522427
246.804107666,245.796661377,,231.451666667,0.0663310886
260.9764099121,259.9718322754,,233.813,0.1161757897
250.6930847168,249.6342315674,,237.638,0.0549368565
260.6815185547,259.5417785645,,235.285666667,0.1079362472
262.5550842285,261.4009399414,,227.351689655,0.154841139
265.826171875,264.6929321289,,223.739344828,0.1881065088
267.6264953613,266.3893737793,,229.789,0.1646619088
271.3315429688,270.162322998,,231.716333333,0.1709642521
266.5748291016,265.299041748,,228.287931034,0.167713194
273.8093261719,272.5041503906,,227.803666667,0.2019531124
277.6855773926,276.3997802734,,226.111,0.2280940662
275.9392089844,274.6124572754,,231.980645161,0.1894923768
271.6651000977,270.2870483398,,239.829333333,0.1327434235
272.223236084,270.8208618164,,235.162,0.1575987451
272.8541259766,271.4294128418,,249.183548387,0.0949925376
269.383972168,267.8706054688,,257.787333333,0.0449852934
270.6044616699,269.1534729004,,267.284666667,0.0124204469
270.6548461914,269.0998840332,,264.810333333,0.0220705619
268.4096679688,266.8156433105,,273.831387097,0.0197994802
269.3070678711,267.6883544922,,273.062,0.0137512072
268.908203125,267.2672119141,,278.110333333,0.0330880557
268.6773071289,267.0741271973,,273.394602151,0.0172545287
266.9204101563,265.272064209,,269.190075269,0.0084314591
267.2986755371,265.6499328613,,286.247333333,0.0661968011
271.2074584961,269.521270752,,275.392741935,0.0151975081
269.6142578125,267.8599243164,,291.257247312,0.0743088445
273.3441772461,271.6540222168,,290.856,0.0602078787
271.2194824219,269.4112243652,,291.173333333,0.0685291152
271.9131469727,270.1201477051,,289.586032258,0.0610280998
277.5461425781,275.7851867676,,293.862666667,0.0555243178
277.7926635742,275.8701171875,,293.033473118,0.052010473
273.8657531738,271.8976135254,,306.150333333,0.1054533562
276.2431945801,274.2395629883,,308.924709677,0.1057911979
275.4695739746,273.4662475586,,317.983182796,0.1336976643
281.0016174316,279.059967041,,323.606666667,0.1316568959
274.9177246094,272.905456543,,329.959741935,0.1668143423
263.945098877,262.1223144531,,321.70372043,0.1795397998
275.7730407715,273.6381835938,,327.627,0.1582713245
275.1058654785,272.9571838379,,335.533333333,0.1800937846
275.4725646973,273.3562011719,,336.094193548,0.1803709496
276.0734558105,273.9360656738,,346.799612903,0.2039395503
294.7868041992,292.9090576172,,355.08288172,0.1698084606
278.8583679199,276.756652832,,355.387666667,0.2153403337
275.9851379395,277.4169006348,,354.062075269,0.2205176515
265.1857910156,266.4925537109,,353.464537634,0.2497527679
265.4948425293,266.7004394531,,359.676333333,0.2618506754
257.3057556152,258.7594909668,,367.412333333,0.2996812239
255.9844665527,257.4257202148,,370.912903226,0.3098528945
267.7585144043,269.043548584,,368.440333333,0.2732649219
294.3094177246,295.7884521484,,369.493666667,0.2034791276
268.3493041992,269.5788879395,,366.899333333,0.2686023663
266.7172241211,267.9540100098,,368.972451613,0.2771351277
269.3882446289,270.6706542969,,371.351946237,0.2745743025
268.4494934082,269.6867370605,,372.846666667,0.2800002859
272.982421875,274.1888427734,,377.555,0.2769730983
271.5699157715,272.7662353516,,375.271,0.2763365254
270.089263916,271.2684936523,,372.941333333,0.27578619
273.0665893555,274.2490844727,,368.923225806,0.2598281424
278.8938903809,280.1231079102,,360.457763441,0.2262785861
275.550567627,276.7407836914,,351.749333333,0.2166280316
278.2761230469,279.489440918,,353.232354839,0.2122009232
276.8903198242,278.040222168,,359.973,0.2308025329
279.0848388672,280.2492370605,,358.76588172,0.2220976044
267.6369934082,268.9059448242,,360.354709677,0.2572956972
263.9601135254,265.2086486816,,369.733,0.286079107
263.5426635742,264.7902832031,,365.704053763,0.2793553671
265.0896911621,266.3731689453,,374.924344086,0.2929515105
265.708190918,266.9982910156,,378.389333333,0.2977915403
261.0493774414,262.3004455566,,381.952333333,0.3165393829
258.7660522461,260.0317993164,,378.309236559,0.3159933006
256.5931396484,257.8555908203,,377.308892473,0.3199387961
258.497833252,259.7568359375,,373.015,0.3070041868
258.5085144043,259.7536010742,,378.887741935,0.3177173981
256.7509765625,257.9651184082,,384.34,0.3319691508
254.5717468262,255.7547607422,,384.342537634,0.3376435812
257.8604125977,259.1170043945,,389.625451613,0.3381838596
257.0516052246,258.2732543945,,386.671,0.3352188159
255.8065948486,257.0049743652,,389.038645161,0.3424648219
257.9921875,259.1539306641,,388.818516129,0.3364714467
256.9883422852,258.1484069824,,380.789698925,0.3251173994
256.8399658203,257.9841918945,,379.735666667,0.323634864
251.9816131592,252.471786499,,370.231602151,0.3193946392
251.7227325439,252.1789398193,,368.144688172,0.3162396725
250.2653808594,250.6092224121,,365.960666667,0.3161413134
250.7297821045,251.0275115967,,363.888666667,0.3109711704
250.7202758789,250.9877471924,,360.821612903,0.3051406376
251.6838684082,252.071685791,,358.966,0.2988643258
249.5597839355,249.9075927734,,351.465333333,0.2899448103
249.5201263428,249.8399963379,,354.660645161,0.2964538644
255.8386077881,256.2614746094,,349.122,0.2671942536
254.9879760742,255.3673400879,,344.158462366,0.2590971777
254.9523010254,255.3002471924,,337.269172043,0.2440687671
258.2871704102,258.6624755859,,336.599333333,0.2326569163
258.5696105957,258.9157104492,,336.187666667,0.230877167
258.5347900391,258.8453063965,,328.263870968,0.2124177745
258.951171875,259.2517089844,,315.225333333,0.1785204281
257.9645996094,258.2069091797,,315.499333333,0.1823608726
257.9297485352,258.1364440918,,314.587666667,0.1801021595
259.6053771973,259.8085021973,,308.516612903,0.1585367972
259.1198730469,259.2847595215,,296.420333333,0.1258363752
259.0850524902,259.2142944336,,297.262193548,0.1284291844
259.677520752,259.7800598145,,295.497333333,0.1212187338
259.5401306152,259.6117858887,,299.659333333,0.133882707
259.7399902344,259.7791137695,,293.613537634,0.1153677983
256.3653564453,256.2570800781,,290.217548387,0.1166441937
257.825012207,257.6877746582,,287.357333333,0.1027721158
257.7908325195,257.6156616211,,285.006266667,0.0954906517
256.2386779785,256.0078125,,286.252,0.1048493007
255.9091644287,255.6324005127,,285.994333333,0.1051949825
258.6745300293,258.352722168,,279.516428571,0.0745641272
261.9861755371,261.7713623047,,274.364444444,0.0451161554
264.7028808594,264.4821166992,,270.711724138,0.0221964649
270.4894104004,270.2337036133,,267.9025,0.0096561637
288.5124511719,288.1585998535,,269.62,0.0700706593
290.141784668,289.7662963867,,264.17,0.0983146635
290.8795471191,290.5930175781,,254.870952381,0.1412816737
297.7839355469,297.5362854004,,249.957419355,0.1913386541
299.3864746094,299.1468811035,,252.168,0.1872500659
310.2236022949,310.104309082,,251.576752688,0.2331171262
308.1009216309,307.9940795898,,252.902666667,0.2182588887
306.3942565918,306.2197265625,,249.629,0.2273984857
268.732208252,268.0420227051,,251.336053763,0.0692147196
263.5118713379,262.8408508301,,247.335666667,0.0654018278
262.8350830078,262.1019592285,,244.238849462,0.0761395396
261.0096435547,260.2074584961,,246.285,0.0597870092
257.4831542969,256.6064758301,,258.420075269,0.0036255735
257.3545532227,256.4242248535,,254.367333333,0.0117437245
258.0266723633,257.0018310547,,253.598666667,0.0174606821
261.71484375,260.6674194336,,246.976494624,0.0596751086
262.5473937988,261.4563598633,,243.570247312,0.0779124162
257.2822265625,256.0571899414,,242.897333333,0.0592221126
260.9555358887,259.7330932617,,235.935924731,0.1060440931
264.0885314941,262.8410949707,,237.476795699,0.1120603624
264.7501525879,263.4338684082,,238.671408602,0.1092663094
273.2550354004,272.1114196777,,238.903,0.1437907243
267.4458007813,266.066192627,,245.594,0.0889753039
270.2897033691,268.8795471191,,238.474,0.1334137196
269.8994445801,268.4719848633,,238.329344828,0.1324641738
280.9131164551,279.6672363281,,234.646,0.1971783728
267.5538024902,266.0880737305,,233.569333333,0.1455005615
269.184387207,267.70703125,,232.320965517,0.1586745372
264.9107971191,263.3370361328,,238.102293447,0.112592379
267.2193603516,265.6118469238,,236.295436508,0.1308697464
274.9683837891,273.5846252441,,236.943333333,0.160481622
265.4255065918,263.8439941406,,242.974827586,0.0923991972
277.4562683105,276.1510925293,,243.811333333,0.1379957794
266.0749816895,264.3336486816,,232.129183908,0.1462366653
277.0842590332,275.6585083008,,228.542850575,0.2123952175
265.982208252,264.2575378418,,228.367091954,0.1647133831
270.7350769043,269.0623474121,,229.995425287,0.1771324432
273.8589782715,272.1300964355,,231.611034483,0.1824090285
272.2113037109,270.4174194336,,230.192068966,0.1825398891
268.3151245117,266.525390625,,231.567586207,0.158690337
271.9805908203,270.1512451172,,235.933643678,0.1527842599
270.5769042969,268.7300415039,,239.470666667,0.1298958159
277.0216369629,275.1557922363,,244.528344828,0.1328814954
274.7081298828,272.8022155762,,248.763666667,0.1042936196
278.7536621094,276.8051757813,,257.097,0.0842353746
279.0953063965,277.1262207031,,257.143333333,0.085368626
280.6845397949,278.757019043,,260.082258065,0.0792144835
283.0044555664,281.0430297852,,265.137666667,0.0673868377
284.0599365234,282.1168518066,,270.525666667,0.0500295222
276.1884155273,274.1230773926,,276.183333333,1.84015243874799E-05
273.2157897949,271.4662475586,,278.134333333,0.0176840575
266.4428100586,264.5525512695,,280.026580645,0.0485088614
276.6123657227,274.3720092773,,279.934862069,0.0118688195
274.2540588379,272.025177002,,289.859333333,0.0538374056
285.8217163086,283.7560119629,,286.679666667,0.0029927144
279.7730712891,277.6636962891,,290.723,0.0376644734
261.4805603027,262.7527770996,,296.400172414,0.117812388
282.4010314941,283.9466552734,,297.202,0.0498010394
264.4451293945,265.9732055664,,303.720563218,0.1293143718
261.521484375,262.9795532227,,307.089,0.1483853724
258.4292602539,259.857208252,,313.707333333,0.176209056
263.4241333008,264.8663635254,,314.109747126,0.1613627539
282.345703125,283.921661377,,315.197563218,0.1042262502
262.2851257324,263.7173156738,,321.727666667,0.1847604266
267.4515686035,268.6239318848,,321.536666667,0.1682081817
268.2157592773,269.4119873047,,325.239333333,0.1753280376
271.4343261719,272.6533508301,,328.299701149,0.1732117781
265.2294311523,266.5655212402,,337.770712644,0.214764865
269.7897338867,271.1299438477,,351.254333333,0.231924824
278.005859375,279.1299438477,,358.755,0.2250815755
263.8833007813,265.1979370117,,360.52,0.268048095
274.2434692383,275.3541259766,,369.372,0.2575412613
273.8424072266,274.9849243164,,367.973666667,0.2558097711
272.0422973633,273.1733703613,,363.805666667,0.2522318306
271.7808837891,272.8983154297,,369.781,0.2650220433
273.5381469727,274.6513366699,,370.458,0.2616217035
267.4902954102,268.7491760254,,378.974333333,0.2941730564
268.220916748,269.4527893066,,382.994827586,0.2996748326
264.1758422852,265.4093017578,,378.665333333,0.3023500727
260.015045166,261.2713317871,,368.676666667,0.2947341975
261.6984863281,262.9450683594,,361.949,0.2769741419
260.5462646484,261.7803344727,,366.279,0.2886672055
253.6732788086,254.8725128174,,367.089666667,0.3089609928
253.7112731934,254.9208221436,,373.279333333,0.3203179214
253.1082305908,254.3201751709,,370.291666667,0.3164625257
253.9619903564,255.1724853516,,373.319666667,0.3197197656
255.8823699951,257.1072692871,,363.184,0.2954470186
254.5681762695,255.7496032715,,353.301,0.279458093
255.4829559326,256.6876831055,,357.633333333,0.2856287932
256.2958374023,257.4937744141,,367.79,0.303146259
256.1880493164,257.3604125977,,361.547666667,0.2914127985
254.171661377,254.0709228516,,353.425609195,0.2808340574
254.3541259766,254.2167205811,,360.643,0.2947204688
257.2588195801,257.1790161133,,365.801666667,0.2967259501
257.2242736816,257.1078491211,,365.685,0.2965960494
259.4842834473,259.3991699219,,371.009333333,0.3005990412
263.3347167969,263.2853088379,,369.011885057,0.2863787659
265.3662109375,265.2842102051,,369.708,0.2822275662
270.059387207,269.9758300781,,367.025333333,0.2641941504
278.1813049316,278.0738525391,,364.425666667,0.2366583082
279.6287231445,279.5145568848,,366.911666667,0.2378854407
282.8364868164,282.6912841797,,372.244,0.2401852365
301.3605957031,301.1306152344,,362.784021505,0.1693112766
300.1934509277,299.8536376953,,368.898057471,0.1862427984
303.9921569824,303.6658630371,,371.429,0.1815605217
314.3246765137,314.1546630859,,368.231666667,0.1463942269
314.5047607422,314.346862793,,357.604505747,0.1205234954
312.9932861328,312.793762207,,355.3,0.1190732166
306.0249023438,305.764251709,,353.962816092,0.1354320611
303.3236083984,302.9486083984,,357.893666667,0.1524756187
304.6696166992,304.2783508301,,356.872333333,0.1462784076
302.1181335449,301.7716674805,,355.07,0.1491307811
304.4019165039,303.990234375,,356.108,0.1451977588
297.919342041,297.5387573242,,355.170689655,0.1611938971
309.1329650879,308.9374084473,,346.855666667,0.1087561923
304.9491577148,304.574005127,,343.597333333,0.1124810115
301.0949707031,300.5728149414,,345.124,0.1275745219
298.5529174805,297.9227600098,,344.710333333,0.1339020371
304.139465332,303.5600280762,,340.19,0.1059717648
302.3256530762,301.8141479492,,331.667057471,0.0884664417
297.9053039551,297.2353515625,,327.155091954,0.0894064886
299.4318847656,298.7320556641,,323.519333333,0.0744544331
297.5832519531,296.7422485352,,310.684333333,0.0421684648
301.3843383789,300.514251709,,300.322,0.0035373312
304.2713317871,303.5278930664,,296.862333333,0.0249576912
301.1604614258,300.3428039551,,292.833321839,0.0284364482
284.7215576172,283.6750183105,,281.659333333,0.0108720853
296.5297546387,295.5090026855,,277.409666667,0.0689236543
298.241027832,297.1768798828,,279.299666667,0.0678173425
295.8063049316,294.7005310059,,281.149666667,0.0521310889
288.9143981934,287.7201843262,,282.895333333,0.0212766495
290.9676513672,289.6943359375,,277.852666667,0.0472012195
292.8543701172,291.7054748535,,274.224,0.0679385106
313.8006896973,312.9835205078,,270.648311828,0.1594407797
301.0241699219,299.9362182617,,268.284666667,0.1220327038
308.5718688965,307.683380127,,274.722333333,0.1232136287
300.8926696777,299.7364196777,,271.348,0.1088811035
299.2754211426,298.0317993164,,259.018214286,0.155422301
314.9103088379,313.8656311035,,258.42862069,0.2185581767
298.051361084,296.6860046387,,255.155185185,0.1681179862
303.203704834,301.8645629883,,255.939259259,0.184670557
297.538269043,296.0057983398,,254.407777778,0.1695329115
323.7881469727,322.6812438965,,264.057619048,0.2262026301
298.9528808594,297.3356323242,,257.6,0.1605313698
306.774230957,305.4137573242,,263.40125,0.1646650536
296.2015075684,294.5611572266,,252.59,0.1726573006
294.2803955078,292.5506591797,,240.91,0.2215366548
291.6995239258,289.9993896484,,243.445333333,0.1982136603
291.1139221191,289.3704223633,,241.412763441,0.2058762676
285.729095459,283.8189697266,,236.267096774,0.2093478075
296.911895752,295.0886230469,,238.243827957,0.2462522043
313.7379455566,312.2044067383,,238.699365591,0.3143643879
309.6553039551,308.1865844727,,238.413,0.2988188729
302.0512390137,300.1774291992,,236.949075269,0.2747517106
296.3949279785,294.5168457031,,249.420666667,0.1883334767
292.9017333984,290.990447998,,246.940752688,0.1861214895
292.4496765137,290.4627685547,,245.359333333,0.1919239938
288.289642334,289.975982666,,242.282645161,0.1898897758
279.9754333496,281.5562438965,,235.247935484,0.1901291834
283.4113464355,285.0500183105,,237.201,0.1948151417
283.4937438965,285.0775756836,,234.18855914,0.2105362659
292.3547973633,294.0263671875,,233.546923077,0.2518032501
293.9097290039,295.5907592773,,232.027075269,0.266704451
294.4222412109,296.073425293,,232.744193548,0.2650035935
305.7859191895,307.4259338379,,229.631666667,0.3316365449
304.7138061523,306.3655090332,,227.117612903,0.3416564319
303.3321533203,305.0790710449,,233.74283871,0.2977174188
286.4675598145,288.0247497559,,236.682,0.2103478922
285.660949707,287.108001709,,233.982258065,0.2208658557
286.1874694824,287.6290283203,,230.455,0.2418366687
293.1185302734,294.6083984375,,230.161071429,0.2735365214
293.5266113281,295.0504455566,,228.80137931,0.2828882947
300.338104248,301.8704223633,,227.178666667,0.3220348048
297.0072937012,298.5909423828,,234.518666667,0.2664548111
296.9887084961,298.5768127441,,231.808965517,0.2811786974
299.2099304199,300.781463623,,237.225333333,0.2612899568
290.8910827637,292.3927612305,,238.789655172,0.2181896345
289.494140625,290.8849487305,,236.398333333,0.2246031372
298.3255004883,299.6899108887,,228.805333333,0.3038398019
294.3364562988,295.6810913086,,225.058908046,0.3078196231
294.6998901367,295.9745483398,,224.648756158,0.3118251584
298.5851135254,299.9344787598,,219.215172414,0.3620640863
298.2092895508,299.4893798828,,221.34,0.3472905464
286.8592224121,288.106048584,,225.002064516,0.2749181792
285.9143981934,287.1279602051,,239.736,0.1926218765
285.0237121582,286.2397460938,,239.205011494,0.1915457389
282.7169189453,283.892791748,,232.645709677,0.2152251565
279.8558959961,281.0278320313,,229.997451613,0.216778247
275.3958435059,276.5279541016,,230.809,0.1931763645
273.8090209961,274.953338623,,226.063,0.2112067034
275.4102783203,276.5691223145,,231.240333333,0.1910131522
270.4653015137,271.6399230957,,238.869,0.1322746004
267.8418273926,268.9560241699,,251.480075269,0.0650618229
269.117767334,270.2071228027,,246.468763441,0.0918940136
254.0524139404,255.182434082,,236.741612903,0.0731210742
253.331161499,254.4190979004,,237.307333333,0.0675235272
253.7734527588,254.8425292969,,234.443870968,0.0824486548
256.9422912598,257.8603515625,,232.900322581,0.1032285761
257.594543457,258.501953125,,234.316333333,0.0993452304
259.5384216309,260.4115600586,,245.612903226,0.0566970148
256.1938476563,257.0697631836,,248.237,0.0320534314
254.4604949951,255.3250274658,,242.199677419,0.0506227659
253.4429321289,254.2981872559,,250.647333333,0.011153515
254.0651397705,254.8660888672,,251.345806452,0.0108190917
250.1363372803,250.8684844971,,248.568181818,0.0063087538
251.5682983398,252.2947387695,,242.925483871,0.0355780478
248.7922058105,249.5675811768,,248.042666667,0.0030218154
251.4036560059,252.1756896973,,246.508064516,0.019859762
251.1993255615,251.9571533203,,251.488709677,0.0011506843
252.0068511963,252.7916412354,,251.301,0.0028087879
251.8697052002,252.6396636963,,247.451666667,0.0178541474
251.2897949219,252.0188140869,,243.583666667,0.0316364737
246.2928619385,246.6803741455,,246.852580645,0.0022674209
243.8629608154,244.2265930176,,252.936333333,0.0358721596
243.8262634277,244.1609191895,,261.893333333,0.0689863681
246.7402801514,247.0747833252,,262.505666667,0.0600573188
248.5983276367,248.9492645264,,266.395666667,0.0668079149
248.5600128174,248.8829498291,,260.673333333,0.0464693506
251.6180419922,252.016418457,,262.510322581,0.0414927706
253.3834686279,253.7985687256,,257.178666667,0.0147570484
253.3486785889,253.7280883789,,256.665,0.0129208167
257.3182678223,257.7017211914,,260.420666667,0.0119130286
255.9075775146,256.2190856934,,262.368333333,0.0246247546
255.8727874756,256.1486206055,,262.873333333,0.0266308711
257.9226989746,258.1459960938,,265.14,0.0272207175
260.6822814941,260.9513244629,,264.615333333,0.0148632802
260.6481018066,260.8793029785,,266.017333333,0.0201837657
259.5295410156,259.7337341309,,259.002752688,0.0020339102
255.1409759521,255.2415924072,,257.133,0.0077470572
254.9611968994,255.0256652832,,256.380333333,0.0055352781
255.7051391602,255.7729492188,,261.664666667,0.0227754384
255.8839874268,255.9007263184,,265.712,0.0369874623
256.0834350586,256.0691223145,,269.573,0.0500404897
261.2988891602,261.3576660156,,270.238333333,0.0330798524
269.8571472168,270.0605163574,,272.715483871,0.0104810208
269.5882263184,269.7510681152,,269.567666667,0.000076269
269.9519348145,270.1054077148,,269.237666667,0.002652928
267.1236877441,267.2377319336,,267.719666667,0.0022261305
267.1259155273,267.1995849609,,270.868333333,0.0138163726
271.377166748,271.3907165527,,273.188,0.0066285241
277.7835388184,277.6669006348,,266.545333333,0.0421624545
277.6719055176,277.5189208984,,267.720645161,0.0371703137
272.0777587891,271.8374633789,,266.043666667,0.0226808336
275.3580322266,275.1287841797,,274.129333333,0.0044821869
275.8727722168,275.5895385742,,275.355333333,0.0018791678
290.2557678223,289.9364013672,,275.467333333,0.0536848936
295.6965942383,295.3486328125,,277.46,0.0657269309
293.3891296387,292.9983215332,,269.465,0.088783811
312.7276611328,312.3314819336,,273.271,0.1443865655
303.0649108887,302.635559082,,275.868666667,0.0985840275
292.8645629883,292.4878540039,,266.165666667,0.1003093173
295.5676574707,295.1195068359,,268.101,0.1024489184
290.4887695313,290.065246582,,267.150333333,0.0873606853
285.6141662598,285.0658569336,,266.300195402,0.0725270623
294.5656738281,294.2288818359,,274.909,0.0715024747
294.8911743164,294.3786315918,,274.948,0.0725343495
310.0937805176,309.9223327637,,273.849,0.13235316
320.978729248,320.7959594727,,271.240752688,0.1833720636
311.2979736328,310.631652832,,274.446,0.1342776853
307.0223999023,306.3828430176,,273.758,0.1215102386
296.280456543,295.6955871582,,271.486,0.0913286746
308.2688293457,307.505279541,,271.247758621,0.1364843378
315.9156799316,315.0729675293,,273.599666667,0.1546639796
308.306427002,307.5267944336,,270.137666667,0.1412937367
304.9949951172,304.282989502,,267.580666667,0.1398244833
308.0220947266,307.3540649414,,270.588666667,0.1383407092
336.091217041,335.6813659668,,270.987,0.2402484881
312.4159240723,311.4818115234,,271.428333333,0.1510070457
313.5375976563,312.5960083008,,274.258387097,0.1432197242
303.8724060059,302.7688293457,,271.992413793,0.1172091227
291.061706543,289.9733581543,,273.191182796,0.0654139843
292.4552612305,291.4217834473,,267.909666667,0.0916189209
299.2088317871,298.075592041,,269.889333333,0.1086352621
291.4217834473,290.2421569824,,274.899333333,0.0601036384
299.2839660645,298.1442260742,,264.679505376,0.1307409905
295.8287658691,294.7321472168,,263.36808046,0.1232521623
301.8758239746,300.7669067383,,260.485602151,0.15889639
300.9888916016,299.9141540527,,265.467333333,0.1338076434
299.5802307129,298.4483032227,,262.247666667,0.1423561343
299.3418579102,298.1179504395,,270.813,0.1053452305
308.7784729004,307.3630065918,,269.108965517,0.1474105751
303.3656921387,302.0293579102,,266.370330688,0.1388869449
302.8059082031,301.4423522949,,268.646692308,0.1271529368
307.8757019043,306.4197998047,,255.662678063,0.2042262259
304.8626098633,303.3096008301,,252.798866667,0.2059492745
296.940246582,295.5191040039,,250.7325,0.1842910137
296.8485717773,295.2206726074,,252.41375,0.1760396245
313.2126159668,311.9463500977,,253.758125,0.2342959106
291.4071960449,289.8303222656,,251.31,0.1595527279
291.4365844727,289.7540893555,,241.455952381,0.2069968936
297.8398132324,295.8866577148,,241.000666667,0.2358464288
286.5822143555,284.8251342773,,230.816666667,0.2416010442
302.8774108887,300.9729614258,,229.969333333,0.3170339127
290.383605957,288.643951416,,229.029150538,0.2678892852
298.2630004883,296.7149658203,,231.836666667,0.2865221226
307.7338867188,305.774017334,,240.331057471,0.280458256
297.4127502441,295.3727111816,,245.572333333,0.2111003964
290.037322998,288.2850952148,,243.736333333,0.1899634291
296.8918762207,294.9604797363,,238.979666667,0.242331117
282.8671569824,284.466003418,,236.373436782,0.1966960452
286.8692932129,288.4923095703,,244.199666667,0.1747325339
306.3647155762,308.2128601074,,241.393333333,0.2691515186
297.5429077148,299.2536010742,,244.41,0.2173925278
309.8190307617,311.5792541504,,247.384114943,0.2523804563
302.7799987793,304.4496765137,,248.450709677,0.2186723039
305.8221740723,307.4014282227,,250.170333333,0.2224557964
284.9639587402,286.6607971191,,244.537,0.1653204167
290.5200805664,291.9510498047,,239.838,0.2113179753
282.9862976074,284.3497619629,,238.278666667,0.1876275017
291.6690673828,293.1290893555,,243.447586207,0.1980774668
288.3868713379,289.8049926758,,248.170666667,0.1620505969
289.3655395508,290.7899475098,,251.194,0.1519603954
287.6141052246,289.035369873,,253.642666667,0.133934243
284.0041503906,285.3911743164,,253.309666667,0.1211737559
287.1143188477,288.4568481445,,251.248333333,0.142751138
289.3179016113,290.8049621582,,250.701666667,0.1540326216
281.33203125,282.7071533203,,245.850333333,0.1443223503
269.7959899902,271.0408630371,,252.432494253,0.0687847093
271.6113891602,272.8017272949,,251.12083871,0.0815963763
270.5617980957,271.7811889648,,250.920989247,0.0782748741
274.903137207,276.1868286133,,259.349,0.0599737697
274.2415161133,275.5237121582,,261.037763441,0.0505817721
266.836151123,268.0523071289,,260.292043011,0.0251414067
277.4897766113,278.8021850586,,260.935526882,0.0634419158
276.396484375,277.6651306152,,253.853333333,0.088803841
281.9917602539,283.2421264648,,261.246666667,0.07940807
296.3850097656,297.6780700684,,262.633333333,0.1285125388
275.2117004395,276.3658447266,,259.818677419,0.059245252
258.3983764648,259.7273254395,,260.473333333,0.007966101
258.8605957031,260.1835021973,,263.461870968,0.0174646724
259.2934875488,260.5378723145,,267.664043011,0.0312726183
266.9667663574,268.0583496094,,266.030333333,0.0035200235
281.2615661621,282.4756164551,,272.096763441,0.0336821453
265.934967041,267.0309753418,,274.560709677,0.0314165222
263.5343017578,264.572052002,,269.718387097,0.0229279339
255.0462341309,256.2231750488,,269.694333333,0.0543137077
256.9776916504,258.2858276367,,261.051,0.0156034964
268.2071838379,269.2975158691,,262.229,0.0227975694
259.0144958496,260.3153991699,,268.196129032,0.0342347715
259.9240112305,261.2939453125,,271.296,0.041917274
254.7618865967,256.0326538086,,272.146225806,0.063878671
255.3429107666,256.591583252,,270.718602151,0.0567958436
253.3408813477,254.5734100342,,272.263526882,0.0695012136
254.4388275146,255.6872711182,,269.859,0.0571415906
257.8172302246,259.0365600586,,270.760322581,0.0478027661
259.087677002,260.3020324707,,272.659333333,0.0497751394
274.0107116699,275.0362548828,,280.36,0.0226469123
274.725402832,275.7456054688,,279.503333333,0.0170943596
259.8318786621,260.7676086426,,278.395483871,0.0666806981
260.8432006836,261.7562866211,,280.464,0.0699583523
259.5616455078,260.5100402832,,281.98516129,0.0795201977
261.0953369141,262.0415344238,,277.637333333,0.0595813114
258.041015625,258.9121398926,,277.275806452,0.0693706064
262.143157959,262.9749755859,,278.547666667,0.0588930035
253.322479248,254.308013916,,280.547419355,0.0970422047
247.8285369873,248.7227325439,,278.073,0.108764472
244.773223877,245.6566162109,,281.214666667,0.1295858542
242.7490844727,243.5860595703,,276.844516129,0.1231573308
245.170211792,245.979598999,,277.636,0.1169365219
248.0234985352,248.8400878906,,276.573225806,0.1032266489
252.4235076904,253.0597991943,,274.443666667,0.0802356245
250.0946655273,250.6556091309,,275.840763441,0.0933368136
251.3323364258,251.8709259033,,274.678333333,0.0849939514
249.7901611328,250.3183441162,,277.877333333,0.1010775937
248.9094390869,249.3924255371,,273.073268817,0.0884884479
251.8421936035,252.3300170898,,267.055182796,0.0569657141
249.1875915527,249.6814575195,,273.427870968,0.0886532866
249.408493042,249.8631896973,,272.937333333,0.0862060166
245.9167785645,246.3087921143,,267.797258065,0.0817053903
243.9814758301,244.4116821289,,272.214333333,0.1037155434
244.4204559326,244.8330078125,,268.286,0.0889556073
244.3759613037,244.7668457031,,269.493591398,0.0932030701
258.372833252,258.7841491699,,275.671311828,0.0627503764
259.1720581055,259.5486450195,,269.272666667,0.0375107087
257.8045043945,258.1596069336,,275.831290323,0.0653543907
252.1977233887,252.3681793213,,271.499333333,0.0710926606
252.0363464355,252.1670837402,,268.89,0.0626786179
254.8338317871,254.9390258789,,268.162666667,0.0497042897
255.0931091309,255.0650482178,,273.382,0.0668986651
254.9738311768,254.9005126953,,271.538064516,0.0610015151
256.9071350098,256.9408874512,,266.957,0.0376460066
257.704284668,258.000579834,,266.623,0.03345066
257.9509887695,258.2163085938,,266.105666667,0.0306445105
253.7116088867,253.7140350342,,264.592,0.0411213911
252.9912567139,252.9985046387,,265.852758621,0.0483782902
253.263458252,253.2342071533,,264.434814815,0.042246164
256.9990844727,257.020904541,,259.7304,0.010515964
257.0828857422,256.9857788086,,259.45,0.0091235855
257.281463623,257.1563110352,,254.699259259,0.0101382484
255.8621673584,255.6596984863,,255.876111111,5.44941555543862E-05
257.5570373535,257.3938903809,,269.794,0.0453566893
257.2727355957,257.047088623,,242.23,0.0621010428
257.1485595703,256.875,,383.862,0.330101548
257.6196594238,257.3170776367,,385.99,0.3325742651
257.5854492188,257.2450561523,,391.02344086,0.3412531774
258.8775634766,258.5635375977,,379.564795699,0.3179621334
254.8721618652,254.3993682861,,387.433870968,0.3421531235
253.9674682617,253.4867248535,,390.539333333,0.3497006663
252.9934844971,252.4842376709,,388.252,0.3483781552
253.3774414063,252.8163604736,,387.180666667,0.3455834363
255.3089752197,254.7399749756,,382.929,0.3332733347
260.2710571289,259.6274719238,,381.458107527,0.3176942579
272.6759643555,272.0290222168,,388.174333333,0.2975425191
273.4783935547,272.7596435547,,384.322,0.2884133785
273.1121520996,272.4004516602,,381.126,0.2834071879
272.034362793,271.3739929199,,382.540333333,0.2888740374
268.0483093262,267.3237915039,,383.885,0.301748416
265.098449707,264.4453125,,381.056333333,0.3043064069
259.5796508789,258.787109375,,387.100967742,0.3294264998
257.0043945313,256.1134643555,,385.762,0.333774725
254.59425354,253.6716766357,,371.857666667,0.315344885
253.2937011719,252.3145751953,,371.114666667,0.3174786018
264.3306274414,263.2850646973,,364.742666667,0.275295567
264.2948608398,263.2199707031,,365.945666667,0.2777756784
261.5600280762,260.4034118652,,370.596666667,0.2942191563
261.8442382813,260.6356811523,,365.924,0.2844299956
264.2178649902,262.9856567383,,368.237666667,0.2824800695
267.9156494141,266.6343383789,,358.915333333,0.2535408088
269.9851379395,268.8347167969,,356.207333333,0.2420562053
265.0449523926,263.7633666992,,358.388333333,0.2604531796
277.7242431641,276.568145752,,360.47,0.2295496347
273.0628662109,271.7816162109,,350.017741935,0.2198599285
268.6513061523,267.2578125,,346.845,0.2254427593
264.0694274902,262.6025695801,,337.495666667,0.2175620206
265.59765625,264.1089477539,,319.44,0.1685522907
270.5484008789,269.0292663574,,313.057666667,0.1357873335
271.6105957031,269.9997253418,,319.609,0.1501785128
268.2958374023,266.6956787109,,308.443942529,0.1301633768
269.6979370117,268.1127929688,,302.518666667,0.1084915851
265.7781066895,264.1712341309,,301.361333333,0.1180749576
266.4739379883,264.8710632324,,302.598849462,0.1193821838
262.9229125977,261.2372131348,,293.077,0.1028879353
266.3773193359,264.7714538574,,297.768333333,0.1054209279
267.5164489746,265.8618164063,,296.609333333,0.0980848581
274.8518981934,273.2424926758,,288.254989247,0.0464973428
274.0090637207,272.3428955078,,284.219827586,0.035925586
272.0021972656,270.1716308594,,291.547619048,0.067040238
276.1339111328,274.2834472656,,285.458333333,0.0326647399
273.6160583496,271.7218933105,,287.868,0.0495085999
271.490234375,269.5084533691,,274.295333333,0.0102265646
269.3646240234,267.4454650879,,271.527390805,0.0079651882
276.2855529785,274.3221740723,,264.600580645,0.0441607963
277.9928588867,276.0178833008,,264.95244086,0.0492179577
281.1527404785,279.1890563965,,261.007333333,0.0771832994
276.629486084,274.6465454102,,261.84483871,0.0564633905
279.044708252,277.0581970215,,268.520322581,0.0391940006
279.3512573242,277.3123168945,,258.819580645,0.0793281429
279.6032714844,277.5165710449,,257.988795699,0.0837806763
277.0820007324,274.9627075195,,250.158064516,0.1076276964
280.5446472168,278.3826293945,,247.002892473,0.1357949877
277.5887756348,275.4481201172,,244.013333333,0.1375967528
286.6841430664,284.7952270508,,241.106860215,0.1890335381
280.6872253418,278.5887451172,,242.259354839,0.1586228549
285.1254272461,282.9848937988,,245.391677419,0.1619197124
284.4649658203,285.9859619141,,239.763043011,0.1864420899
275.3257751465,276.7463989258,,246.276344086,0.1179546138
272.3825378418,273.6518554688,,245.897709677,0.1077066891
271.5886230469,272.9295349121,,243.249397849,0.1165027558
271.419708252,272.6472167969,,245.574,0.1052461101
268.0892333984,269.325012207,,242.020322581,0.1077137264
262.7901000977,263.960144043,,236.446451613,0.1114148608
261.4031677246,262.5536499023,,237.207666667,0.1020013451
267.1730957031,268.3958129883,,237.365806452,0.1255753291
284.2537841797,285.5139770508,,237.451333333,0.1971033398
277.2869567871,278.5077819824,,236.334516129,0.1732816743
298.295501709,299.7091064453,,236.731666667,0.2600574562
279.7173461914,280.8737792969,,239.106774194,0.1698428333
276.4704589844,277.6504211426,,244.128,0.1324815629
273.412322998,274.5600280762,,244.422333333,0.1186061407
276.0341796875,277.190612793,,234.910967742,0.1750587141
278.3174133301,279.4281921387,,233.415978495,0.1923665857
275.9635009766,277.1094360352,,233.329935484,0.1827179415
272.4617004395,273.5869750977,,232.179310345,0.1734968979
269.9618225098,271.0780334473,,232.399027094,0.1616306053
273.4783935547,274.4892272949,,232.393236559,0.1767915349
259.2402954102,260.4322509766,,230.572942529,0.1243309495
260.5257263184,261.7277526855,,233.053537634,0.1178793035
256.1654052734,257.3363952637,,231.476333333,0.1066591629
266.8211975098,267.9648132324,,228.906908046,0.1656319147
278.0243225098,279.0592651367,,228.898333333,0.2146192524
279.2558288574,280.4272766113,,229.290666667,0.2179118885
262.6001281738,263.6399230957,,238.683333333,0.1002030368
261.1181640625,262.1550292969,,235.970788177,0.1065698686
265.9417724609,267.1960754395,,233.853461538,0.1372154627
258.770324707,259.9985961914,,226.15245977,0.1442295386
257.5523071289,258.7053222656,,231.140741935,0.1142661608
253.4591674805,254.6207427979,,238.643333333,0.062083587
264.1566162109,265.4260253906,,240.422333333,0.0987191271
263.0267333984,264.2752380371,,247.740752688,0.0617015188
259.1499328613,260.3183288574,,253.850096774,0.0208778179
266.0344848633,267.0410766602,,257.549462366,0.0329452153
262.5644836426,263.4629821777,,259.093666667,0.0133959931
248.8106231689,249.8291931152,,264.150322581,0.0580718557
257.6089782715,257.4614868164,,266.716774194,0.0341478182
256.6388244629,256.4317321777,,273.296,0.0609492109
255.1946868896,254.9369812012,,278.479354839,0.0836136236
254.9912261963,254.6878356934,,281.998064516,0.0957695875
255.628326416,255.2968444824,,281.657666667,0.0924148118
261.4281311035,261.1924743652,,269.510967742,0.0299907522
264.4147644043,264.1688537598,,284.663666667,0.0711327248
264.8415527344,264.5565490723,,292.53,0.0946516503
284.1442565918,283.8481445313,,295.906333333,0.0397493241
287.3832397461,287.0404968262,,293.749354839,0.0216719288
297.3626708984,297.2063903809,,294.875333333,0.0084352175
288.8581237793,288.5992126465,,295.493666667,0.0224557872
290.7052307129,290.3930969238,,340.473333333,0.1461732763
288.918762207,288.5892333984,,356.231290323,0.1889573711
298.9374389648,298.8150939941,,351.263666667,0.1489656707
306.5160217285,306.5736694336,,345.249032258,0.1121886143
306.6553649902,306.5628356934,,351.194333333,0.1268214322
308.2450866699,308.1432189941,,351.337247312,0.1226518423
311.9872436523,312.008605957,,355.460967742,0.1223023849
307.7633361816,307.6810302734,,358.764666667,0.1421581756
330.2773742676,330.0722961426,,369.479354839,0.1061005982
326.2214050293,326.1006164551,,382.154225806,0.1463619057
327.5192260742,327.2928161621,,381.529731183,0.1415630309
329.244934082,329.1844787598,,384.968537634,0.1447484615
325.4728088379,325.2215576172,,383.367817204,0.1510168714
333.5914306641,333.1524047852,,389.543064516,0.1436340137
304.4851989746,303.8504333496,,392.07744086,0.2234054622
311.9980773926,311.3563232422,,394.189666667,0.2085077216
327.8016967773,327.3684082031,,392.434967742,0.1646980424
320.0493774414,319.5610046387,,383.418709677,0.1652744914
309.3590698242,308.6678466797,,383.507430108,0.1933426955
317.6758422852,316.952331543,,380.808,0.1657847464
300.1465148926,299.3411865234,,373.930236559,0.1973194849
311.7396240234,311.0964050293,,370.734333333,0.1591293387
322.1729431152,321.457611084,,370.223225806,0.1297873265
321.6467285156,320.9246826172,,357.841,0.1011462395
334.2057189941,333.5038452148,,358.27288172,0.0671755077
317.6572265625,316.8884277344,,360.245817204,0.1182209164
321.4774780273,320.9351501465,,357.533967742,0.1008477319
307.2571716309,306.2599182129,,360.503043011,0.1476988126
305.7207336426,304.6263427734,,358.912333333,0.1482022064
318.501953125,317.4443054199,,354.835483871,0.1023954266
314.8404541016,313.8411560059,,357.232666667,0.118668354
306.8778381348,305.6972961426,,355.617741935,0.1370570083
329.038482666,328.0741271973,,355.519354839,0.0744850366
322.7932739258,321.9725646973,,354.108193548,0.088433197
304.3655700684,302.9579772949,,352.510103448,0.136576322
302.4148254395,300.9565429688,,363.001612903,0.166905009
324.6733398438,323.5776367188,,362.627666667,0.10466473
298.1798400879,296.5213317871,,361.146129032,0.1743512775
318.2912597656,317.1198730469,,364.453333333,0.126661137
302.7420043945,301.2181091309,,373.460752688,0.1893605895
328.3215026855,326.9164733887,,373.396655914,0.1207165424
309.9047851563,308.3952636719,,376.383,0.1766238508
301.6251525879,299.7604675293,,377.543215054,0.2010844307
313.9761352539,312.1880187988,,372.67516129,0.1575072131
315.192565918,313.5855712891,,369.183666667,0.1462445542
314.8090515137,313.6986083984,,367.570870968,0.1435418952
303.953918457,302.0752563477,,373.011666667,0.1851356255
325.2281494141,323.8177185059,,382.277419355,0.1492352597
308.2729492188,306.5047912598,,378.66516129,0.1858956653
312.1283874512,310.6257324219,,375.017666667,0.1676968442
320.9692993164,319.4034729004,,363.329817204,0.1165897096
303.1131591797,301.1936950684,,361.74972043,0.1620915178
307.5667114258,309.8482666016,,356.736333333,0.1378318307
332.6846923828,334.783996582,,357.092903226,0.0683525509
332.0541381836,334.0673217773,,354.506333333,0.0633336926
314.1778259277,316.0297851563,,351.010645161,0.1049336245
311.6899108887,313.4432373047,,349.941591398,0.1093087574
316.7918395996,318.4505310059,,347.137580645,0.0874170437
305.996887207,307.6432800293,,350.537860215,0.1270646571
313.0046081543,314.7480773926,,351.00716129,0.1082671732
334.7372436523,337.1446838379,,352.635376344,0.0507553521
330.0865478516,332.004699707,,344.096107527,0.0407140894
313.9635925293,315.9024353027,,344.136548387,0.0876772781
291.2652282715,292.7420959473,,322.161290323,0.0959024656
325.3617553711,327.1439208984,,317.813,0.0237521919
293.6225280762,295.047088623,,312.992580645,0.0618866189
302.6102294922,304.0194091797,,311.974172043,0.0300151211
318.6765441895,320.0907897949,,301.606129032,0.0565983696
330.9870605469,332.424621582,,299.917419355,0.1035939868
312.8347167969,314.2672424316,,297.910333333,0.0500968976
300.2464599609,301.5983276367,,303.288333333,0.0100296419
293.3430786133,294.6657104492,,299.587,0.0208417635
315.3994750977,316.8011779785,,292.611935484,0.0778763162
299.4183044434,300.7199707031,,292.081,0.0251207865
274.9538879395,276.3280944824,,287.073214286,0.0422168483
274.879119873,276.2677001953,,284.725666667,0.0345825753
279.3587036133,280.6845703125,,285.362962963,0.0210407801
297.6404724121,298.8274841309,,293.07037037,0.0155938727
292.9489440918,294.3266296387,,275.872857143,0.0618983945
285.6372680664,286.9265441895,,276.802142857,0.0319185578
299.0791931152,300.2625732422,,275.282,0.0864466006
308.848449707,309.9916687012,,267.096666667,0.156317125
304.6680297852,305.8209838867,,265.45,0.1477416831
295.0910644531,296.2606201172,,264.335694444,0.1163496669
279.6973266602,280.8428955078,,266.3816,0.0499874115
281.5076904297,282.6410217285,,264.237,0.0653606059
297.5008850098,298.6946105957,,253.855354839,0.1719307052
288.330291748,289.517364502,,252.323,0.1427031691
286.8916320801,288.0907897949,,254.820666667,0.125857003
286.0101928711,287.195892334,,251.789,0.1359121839
286.138458252,287.3034057617,,250.756333333,0.1411016202
254.2599334717,254.8320617676,,253.032763441,0.0048498464
253.3538360596,253.9407653809,,251.773333333,0.0062774826
253.3478240967,253.9221954346,,252.87654023,0.0018636915
255.4053955078,255.303237915,,246.623333333,0.0356092104
255.9655761719,255.8370361328,,252.872666667,0.0122310946
258.6604003906,258.581451416,,253.822666667,0.0190595024
258.2841796875,258.1568908691,,251.434666667,0.0272417209
262.0650024414,262.009979248,,248.321666667,0.0553448918
263.1637573242,263.057800293,,247.457666667,0.0634698083
265.0334472656,264.8949890137,,242.155793103,0.0944749406
269.5111694336,269.3762512207,,240.465816092,0.1207878684
277.0898742676,276.9147338867,,246.549666667,0.1238704072
275.8863220215,275.6819152832,,242.323333333,0.138504981
279.5212097168,279.2584838867,,238.083666667,0.1740461395
298.3283691406,298.020324707,,238.02137931,0.2533679538
308.5054626465,308.3551330566,,237.082666667,0.3012569286
307.414855957,307.2284545898,,235.449666667,0.3056499944
314.865234375,314.8169555664,,236.393333333,0.3319547973
313.6060180664,313.5043640137,,236.714,0.3248308848
321.3197631836,321.2507019043,,242.825333333,0.3232546982
328.7008972168,328.8147583008,,241.696896552,0.3599715259
324.0737609863,324.2518615723,,237.221111111,0.3661252975
310.7299194336,310.5317077637,,236.811333333,0.3121412521
311.9591674805,311.8378601074,,233.318724138,0.3370515745
311.3307495117,311.4019165039,,232.76,0.3375612198
328.2632141113,328.7378234863,,231.180333333,0.4199443758
321.1439208984,321.3270263672,,230.437390805,0.3936276564
319.0601196289,318.9797668457,,230.154034483,0.3862894924
319.4219360352,319.1605529785,,234.49937931,0.3621440576
329.4340820313,329.5429077148,,231.26454023,0.424490247
333.4265441895,333.1362609863,,227.784137931,0.4637829799
330.7769165039,330.581237793,,226.2825,0.4617874405
312.842376709,312.3929748535,,226.862494253,0.3789955794
314.6241760254,314.1904907227,,230.454860215,0.3652312463
319.4061279297,318.9089050293,,244.629137931,0.3056749111
327.9008178711,327.6272583008,,255.396666667,0.2838884005
323.3028869629,322.9366149902,,252.082333333,0.2825289368
315.8911437988,315.2845458984,,254.631034483,0.2405838292
328.9428100586,328.111328125,,260.806333333,0.2612531523
311.3246765137,310.4120483398,,260.698666667,0.1941935895
308.8256530762,308.1056213379,,264.705666667,0.16667564
318.6423034668,318.081237793,,268.028,0.1888396118
304.7248535156,303.883026123,,276.946,0.1003042236
319.9406738281,319.4897155762,,283.131333333,0.1300080075
314.7768859863,313.9404907227,,278.844333333,0.1288624094
305.6306152344,304.5108947754,,272.775517241,0.1204473859
317.0882263184,316.3805236816,,273.861666667,0.1578408551
319.8218078613,319.2301330566,,286.004333333,0.1182411264
325.6062927246,324.6156311035,,291.999333333,0.1150925895
324.1989746094,323.1955566406,,289.210333333,0.1209799141
335.2332763672,334.3439941406,,293.529333333,0.1420775994
311.2825927734,310.0199279785,,301.787333333,0.0314634128
312.6498413086,311.3441162109,,302.779310345,0.0325997538
322.863067627,321.3970031738,,320.894022989,0.0061361213
312.0307312012,310.5460205078,,316.251,0.0133446813
307.4844360352,305.9026489258,,307.686,0.0006550963
320.1271362305,318.4119567871,,310.493126437,0.0310280936
299.6841125488,297.9797058105,,315.346666667,0.0496677332
302.2838134766,300.6433105469,,324.738873563,0.0691480507
309.6079101563,308.1246643066,,327.745908046,0.0553416456
301.474395752,299.8217163086,,330.606666667,0.0881176148
306.6502075195,305.0074462891,,346.323333333,0.1145551627
303.2353820801,301.3978271484,,348.635114943,0.1302213429
311.6639404297,310.0347290039,,364.509666667,0.1449775714
306.5436096191,304.8555603027,,370.525333333,0.1726784054
321.2549133301,319.6987609863,,369.822804598,0.1313274646
307.7625732422,306.1191101074,,371.673034483,0.1719534519
323.2720031738,321.7485046387,,365.348218391,0.1151674296
312.224609375,310.6699523926,,373.009333333,0.1629576488
300.9963684082,302.6838989258,,367.810678161,0.1816540784
313.98828125,315.808807373,,364.918011494,0.1395648574
296.6138000488,298.2339782715,,369.220344828,0.1966482774
309.6382141113,311.3697814941,,360.446,0.1409581071
314.0770568848,315.7597961426,,365.421333333,0.1405070579
335.6143798828,337.5305786133,,367.222068966,0.0860724116
330.2463989258,331.9617004395,,369.14216092,0.105367975
356.183013916,358.7972717285,,364.024666667,0.0215415423
411.3854370117,414.7266540527,,361.097310345,0.13926475
395.4340820313,397.3612976074,,360.110752688,0.0980901822
381.4911499023,383.5936889648,,360.813,0.0573098805
315.7911376953,317.3687133789,,358.379333333,0.1188355234
296.1043701172,297.578704834,,367.575666667,0.1944396842
317.6694946289,319.2633666992,,365.824591398,0.1316343895
298.418548584,299.9451599121,,370.015333333,0.1934968049
322.6466064453,324.2997131348,,369.799666667,0.1275097424
319.1324462891,320.6638183594,,373.899666667,0.1464757133
291.4075927734,292.9175720215,,375.478096774,0.2239025518
289.9893798828,291.4989318848,,377.753666667,0.232332058
288.0502929688,289.5285949707,,369.623333333,0.2206923454
286.8325195313,288.3045959473,,379.547,0.2442766784
290.2110900879,291.6928710938,,374.283,0.2246212356
301.0394287109,302.2975769043,,373.636333333,0.1942983006
293.7466125488,294.9858093262,,378.488666667,0.2238958827
295.4811401367,296.7242431641,,382.06683871,0.2266244798
303.5626525879,304.7939147949,,380.411666667,0.2020153976
290.5874938965,291.7945251465,,370.413241379,0.2155045732
290.1466674805,291.3293762207,,366.631,0.2086139266
296.0259399414,297.3047180176,,375.712,0.2120934654
279.2164611816,280.3634033203,,378.441333333,0.2621935381
277.6590881348,278.806640625,,377.006333333,0.2635161174
281.1555480957,282.2711181641,,368.286,0.2365836657
276.6957702637,277.8709716797,,367.764333333,0.2476275017
277.7795410156,278.9277954102,,357.759747126,0.2235584264
280.5662231445,281.7071838379,,355.784758621,0.2114158453
274.6433410645,275.818145752,,355.045666667,0.2264562932
271.9515991211,273.0633544922,,351.981290323,0.2273691625
271.5673828125,272.7026977539,,344.457804598,0.2116091458
273.2634277344,274.3535766602,,344.824021505,0.2075278673
270.5637817383,271.5291137695,,340.694,0.2058451815
267.0108032227,267.9461364746,,342.372,0.2201149533
264.2726135254,265.2561035156,,340.440333333,0.2237329492
260.7919006348,261.7422180176,,337.224333333,0.226651594
262.1441040039,263.0718078613,,333.806,0.2146812699
257.6305541992,258.5830383301,,331.194666667,0.2221174429
256.4702453613,257.3900756836,,320.87,0.2007035704
255.5512695313,256.4353942871,,307.736563218,0.169577814
250.1078033447,250.91456604,,318.272763441,0.2141715155
251.2508392334,252.0068206787,,310.233333333,0.1901230067
252.0909729004,252.8083953857,,300.001666667,0.1597014253
249.7724761963,250.5613555908,,298.751258065,0.163945023
248.8159332275,249.5754852295,,298.193010753,0.165587642
249.2088775635,249.9394683838,,291.131,0.1439974528
255.7989807129,256.5650634766,,292.973333333,0.1268864719
253.8336029053,254.5893249512,,291.195268817,0.1283045087
250.8893737793,251.6187286377,,287.833333333,0.1283519151
245.9241943359,246.2998962402,,281.525333333,0.1264580298
244.3904876709,244.7165527344,,282.043333333,0.1335002151
243.7125396729,243.9905090332,,279.083989247,0.1267412354
247.630065918,247.9187164307,,276.033494624,0.1028984861
248.3753814697,248.6896057129,,260.809333333,0.0476744897
249.6839904785,249.9801940918,,265.300333333,0.0588628844
252.1838226318,252.5681304932,,264.63,0.0470323749
254.0621948242,254.4621429443,,268.64712963,0.0542903057
254.5672607422,254.9496002197,,260.374916667,0.0223049747
258.4429931641,258.8232727051,,258.904973545,0.0017843627
329.0412902832,328.74609375,,267.016526316,0.232288109
321.2166137695,320.7017822266,,251.377830769,0.2778239544
321.6156311035,320.9782104492,,256.599852941,0.2533741833
345.4892883301,345.1754150391,,252.478333333,0.368391829
308.5260009766,307.7227172852,,245.123461538,0.2586555324
304.8959350586,304.1459960938,,251.564193548,0.2120005266
306.8760681152,306.1714477539,,255.749666667,0.1999079886
305.9950866699,304.7838439941,,263.211333333,0.1625452552
310.0163574219,308.889831543,,263.100333333,0.178319896
313.651184082,312.5832214355,,268.848,0.1666487535
326.5223388672,325.5697021484,,278.371333333,0.1729740091
304.3494873047,303.197479248,,275.713193548,0.1038626168
324.2135925293,322.9298095703,,276.026,0.174576281
314.4739074707,313.29296875,,288.166666667,0.0912917552
348.6001586914,347.9873352051,,282.703,0.2330967789
340.1908874512,339.4556884766,,276.359333333,0.2309730355
301.4133605957,300.0613098145,,285.987,0.0539407756
302.2090454102,300.7483215332,,292.898333333,0.0317882044
302.2540893555,300.7387084961,,294.667666667,0.025745691
293.6803894043,292.1464538574,,299.429666667,0.0192007603
313.5393066406,311.8645935059,,300.061333333,0.0449173946
310.1933288574,308.5686035156,,306.393666667,0.0124012426
324.7482299805,323.5082702637,,315.329666667,0.0298689413
321.5077819824,320.1482849121,,316.203333333,0.0167754356
301.9507141113,300.087310791,,322.836333333,0.0646941409
291.0841674805,289.4000244141,,329.482,0.1165400007
300.1668701172,298.2233276367,,325.598333333,0.0781068593
314.5860290527,312.545501709,,337.547586207,0.0680246522
322.2170715332,320.8551330566,,337.736666667,0.0459517626
307.9460754395,306.1212158203,,343.053666667,0.1023384812
297.0451660156,295.1086425781,,343.19991954,0.1344835791
303.4553833008,301.616394043,,338.385666667,0.1032262498
316.6571655273,318.5624084473,,343.37,0.0777960639
301.3288269043,303.1724853516,,350.434333333,0.1401275553
311.4071655273,313.2356872559,,346.463333333,0.1011829086
341.1493835449,343.1811828613,,340.187586207,0.0028272558
294.2972717285,296.0653381348,,344.239333333,0.1450794746
339.4560546875,341.8434448242,,349.387,0.0284239119
324.7357177734,326.9733276367,,350.742333333,0.0741473529
319.5675354004,321.5252380371,,356.120333333,0.1026417043
326.5207214355,328.8790893555,,360.326666667,0.0938202702
317.9293518066,319.6273498535,,365.214195402,0.129471538
322.6023254395,324.2239379883,,362.162333333,0.109232806
289.953125,291.4286499023,,362.597287356,0.2003439212
295.645690918,297.1321105957,,366.886333333,0.1941763319
309.8426208496,311.4404296875,,367.618,0.1571614533
310.4444274902,311.9387512207,,377.084666667,0.1767248713
310.0420837402,311.4373779297,,383.730333333,0.1920313387
320.3883056641,321.8561706543,,379.408666667,0.1555588108
297.1110229492,298.5362243652,,372.11137931,0.2015535147
302.7922668457,304.2042236328,,371.880333333,0.1857803715
293.9013671875,295.2222900391,,372.239333333,0.2104505331
288.0129089355,289.3374023438,,371.269666667,0.2242487475
284.6059570313,285.9143066406,,369.904,0.2305950813
291.0097045898,292.2433166504,,379.201333333,0.2325720428
289.0501403809,290.2366638184,,369.265666667,0.2172298525
282.9208374023,284.1628417969,,374.313666667,0.2441610804
281.6617736816,282.8725891113,,387.442310345,0.2730226768
287.0422973633,288.2380065918,,398.087471264,0.2789466686
289.7485961914,290.9026794434,,380.474666667,0.2384549575
285.6082458496,286.7737121582,,381.849666667,0.2520400807
282.3086547852,283.3913574219,,408.221,0.3084416167
279.5469665527,280.6438598633,,414.541,0.325647001
279.6979370117,280.775604248,,393.205,0.288671464
270.2131652832,271.4723510742,,382.628129032,0.2937969146
274.1718139648,275.4261474609,,381.383462366,0.2811124734
268.4122009277,269.667388916,,385.875333333,0.3044069477
264.6175842285,265.8878173828,,384.873,0.3124547988
269.3736572266,270.6890563965,,376.866333333,0.2852275903
266.5657958984,267.8110961914,,380.368666667,0.2991909711
263.4424743652,264.629119873,,378.022942529,0.3031045349
260.5257873535,261.6608276367,,376.381204301,0.3078140343
264.6566772461,265.6952209473,,364.916896552,0.2747480872
270.4572753906,271.3418579102,,362.810666667,0.2545498238
268.1835327148,269.0591430664,,375.552,0.2858950752
271.0225219727,271.8927612305,,358.423,0.2438472922
261.9294128418,262.843170166,,348.013666667,0.2473588312
263.7094726563,264.6083984375,,356.999333333,0.2613166243
262.3111877441,263.1866149902,,348.579,0.2474842496
261.3520507813,262.1192626953,,346.230356322,0.2451498085
262.9678344727,263.7166137695,,345.214344828,0.2382476615
265.2973632813,266.0292053223,,341.510666667,0.223165221
262.1713256836,262.7803649902,,331.208675214,0.2084406439
261.3724060059,261.9516906738,,340.263666667,0.2318533196
260.6344604492,261.2096252441,,335.265011494,0.2226016688
247.0666351318,247.5848846436,,323.443333333,0.2361362574
248.2070159912,248.7207489014,,308.000333333,0.1941339371
247.3982849121,247.8547515869,,304.095126437,0.1864444267
252.3167266846,252.8781433105,,301.975954023,0.1644476213
253.756439209,254.3910827637,,298.441,0.1497266153
253.3416442871,253.8544311523,,306.781,0.1741938246
245.8101348877,246.1618499756,,314.033666667,0.217249101
246.6413879395,246.8040771484,,311.020333333,0.206992722
254.4094543457,254.7263793945,,302.768747126,0.1597235291
255.3186035156,255.6213531494,,298.655091954,0.1451054732
258.115234375,258.4161071777,,292.563645161,0.117746724
255.5637512207,255.762802124,,291.480103448,0.1232205965
256.3670043945,256.5425720215,,289.833793103,0.1154688981
259.8361206055,260.0351257324,,288.69545977,0.0999646451
259.8750610352,260.0114440918,,282.950079365,0.0815515528
260.0744628906,260.1800537109,,270.0525,0.0369485086
258.38671875,258.4582824707,,276.03723545,0.0639425209
256.3295288086,256.3227844238,,273.53468254,0.06289935
256.0613708496,256.0112915039,,266.941111111,0.0407570802
252.5510406494,252.4120788574,,259.375,0.0263092409
251.850692749,251.6412658691,,262.606363636,0.0409573886
252.345916748,252.1223297119,,253.62,0.0050235914
254.6727294922,254.4209289551,,246.830172414,0.0317730892
256.9826660156,256.7509765625,,251.89288172,0.0202061458
257.6457824707,257.3982849121,,244.434896552,0.0540466443
261.1371154785,260.910369873,,242.795,0.0755456887
264.2059020996,264.116027832,,241.287850575,0.0949822027
265.6168518066,265.4964294434,,240.836,0.1028951312
275.1853637695,275.1165771484,,237.264172414,0.1598268755
277.7436523438,277.6816101074,,236.943333333,0.1721944164
276.9243469238,276.7506103516,,239.112333333,0.1581349363
279.8430175781,279.6814575195,,241.876551724,0.1569662937
284.0071716309,283.8334655762,,236.747,0.1996231067
281.8647155762,281.5992126465,,237.320666667,0.1876956168
289.5826721191,289.3827209473,,243.209310345,0.190672642
293.3368835449,292.9941101074,,245.540333333,0.1946586516
289.3577880859,289.0120849609,,236.95,0.2211765693
294.6305541992,294.3959655762,,232.019333333,0.2698534642
311.4358520508,311.5903625488,,231.100333333,0.347621821
322.4730224609,322.5888061523,,232.492666667,0.3870244902
310.5191955566,310.4408874512,,230.510390805,0.3470941352
307.8029174805,307.6881103516,,228.112586207,0.3493464898
296.7067260742,296.4360961914,,227.833666667,0.3022953561
304.812713623,304.8646240234,,227.529666667,0.3396614081
306.1592102051,305.9588012695,,235.464367816,0.3002358405
309.2429199219,309.2658691406,,235.952333333,0.3106160704
310.2448120117,310.0705871582,,237.931678161,0.3039239432
307.3455505371,306.909576416,,238.122142857,0.2907054625
320.1818847656,319.8573913574,,229.504775132,0.3950990108
291.9481811523,291.1942138672,,235.395517241,0.2402452883
311.8651428223,311.3851318359,,229.629965517,0.3581204096
297.7454528809,297.0142822266,,225.799781609,0.318625956
302.8423461914,302.3059997559,,227.538076923,0.3309523851
304.958984375,304.295501709,,228.353689655,0.3354677336
310.429901123,309.6348876953,,232.543149425,0.3349346213
319.2546386719,318.657409668,,233.134574713,0.3694006522
318.2342529297,317.4649047852,,229.537586207,0.3864145659
318.7198791504,318.0138244629,,223.265793103,0.4275356503
303.1473999023,302.235168457,,222.194827586,0.3643314887
293.1590881348,292.0982055664,,222.873448276,0.3153612079
291.1890258789,290.0984802246,,240.111752688,0.2127229201
295.8209838867,294.785949707,,250.170967742,0.182475275
314.8070983887,313.755065918,,249.951951567,0.2594704559
297.1445922852,295.8852844238,,246.570827957,0.2051084662
305.9172363281,304.7001953125,,251.943,0.2142319347
332.4705505371,331.6650695801,,261.916,0.2693785433
316.4532165527,315.2579040527,,268.205333333,0.1798915876
306.3442077637,305.0455627441,,262.053,0.169016221
317.8500366211,316.6546325684,,263.94,0.2042511049
312.0208740234,310.4982910156,,270.392,0.1539574914
310.6664733887,309.2214660645,,270.820781609,0.1471293729
312.3486633301,311.2630310059,,270.983333333,0.1526489821
301.4295043945,299.920135498,,279.492,0.0784906344
302.4821472168,301.0955505371,,272.310258065,0.1107996789
315.4744262695,314.1343688965,,293.841817204,0.0736199132
325.1675720215,324.0985107422,,288.681,0.126390625
309.7991638184,308.3039855957,,291.500655172,0.0627734735
314.6992492676,313.7536315918,,291.111333333,0.0810271303
293.1474609375,291.248840332,,293.636,0.0016637574
293.8483581543,291.9281005859,,297.102735632,0.0109537109
305.0340270996,303.2563781738,,310.684666667,0.0181877002
300.9649658203,299.2145080566,,321.283666667,0.0632422465
303.5734558105,301.747253418,,323.558,0.0617649515
324.4204711914,323.277130127,,328.768275862,0.0132245262
306.5556640625,305.2437744141,,344.478666667,0.110088102
309.5706787109,308.1617431641,,356.059333333,0.1305643478
302.568572998,300.9580993652,,351.807241379,0.1399592237
287.8948974609,289.6700439453,,338.511,0.1495257245
285.5743713379,287.2948303223,,345.831333333,0.1742380062
295.8774414063,297.6947631836,,353.136206897,0.1621435706
298.5750427246,300.2278442383,,363.511903226,0.1786375079
307.7443237305,309.5121459961,,375.989333333,0.1815078343
340.2632751465,342.1391601563,,374.348045977,0.0910510184
347.0086364746,349.0231323242,,375.273,0.0753168054
385.252532959,387.9161071777,,381.099666667,0.0108970609
381.688659668,384.4688110352,,379.452344828,0.0058935328
367.809173584,369.657623291,,378.928,0.0293428472
347.691619873,349.4612121582,,392.059666667,0.1131665677
312.3811340332,314.0281677246,,402.633,0.2241541701
322.5280151367,324.1429138184,,410.409643678,0.2141314901
342.7239685059,344.6227722168,,394.818666667,0.1319458844
321.3670654297,322.9024658203,,388.866747126,0.173580493
340.6443786621,342.0215759277,,383.461,0.1116583468
358.6851806641,360.0010375977,,387.561666667,0.0745081067
349.8153076172,351.1524963379,,394.640666667,0.1135852507
314.4005126953,315.6837768555,,388.162666667,0.1900289758
293.0944824219,294.403503418,,376.240408602,0.2209914838
292.7729797363,294.1354980469,,381.719666667,0.2330157304
296.289855957,297.6907958984,,383.641183908,0.2276901741
293.7012634277,295.0441894531,,392.712763441,0.2521219304
289.59375,290.8846435547,,390.688666667,0.2587608121
297.0359802246,298.390838623,,393.387666667,0.2449280814
297.162902832,298.3427124023,,394.889666667,0.2474786556
296.3638305664,297.5326538086,,392.729655172,0.2453744537
276.3172912598,277.4013366699,,387.633666667,0.2871690077
280.0271606445,281.1702270508,,396.236666667,0.2932830699
282.9376831055,284.0788574219,,404.683333333,0.3008417698
283.211151123,284.2961730957,,409.736333333,0.3087965892
288.5942993164,289.6625366211,,406.518666667,0.2900835239
282.4549865723,283.5460205078,,402.266,0.2978402684
293.1672363281,294.2752380371,,401.877333333,0.2705056692
280.2130432129,281.3351745605,,400.257645161,0.2999183236
276.8723144531,278.0882263184,,394.835688172,0.2987657328
281.3642578125,282.3648376465,,400.842,0.2980669246
272.5745544434,273.6329040527,,428.820333333,0.3643618708
271.6207275391,272.5539550781,,404.981333333,0.329300624
271.1183776855,272.0824890137,,375.847666667,0.2786482351
271.410736084,272.3619995117,,369.310551724,0.2650880544
266.73828125,267.7138366699,,370.477333333,0.2800145724
266.4295349121,267.4473876953,,370.797580645,0.281469058
263.169708252,264.1348876953,,376.081666667,0.3002325517
260.0393066406,260.96484375,,373.610735632,0.3039833125
258.3195800781,259.2217712402,,360.467666667,0.2833765578
258.411315918,259.2760314941,,361.095,0.2843675046
256.8908081055,257.6705322266,,342.522252874,0.2500025737
253.7816009521,254.508392334,,348.576183908,0.2719479624
253.8056488037,254.5274963379,,349.667333333,0.2741511013
251.1211242676,251.8193359375,,349.858977011,0.2822218643
245.8000946045,246.3754882813,,347.567333333,0.2927986291
244.1885223389,244.7382965088,,335.169448276,0.2714475511
249.7206726074,250.2658538818,,336.245666667,0.2573267186
253.0313873291,253.5717315674,,329.961655172,0.2331491149
253.4129180908,253.9136199951,,307.267333333,0.1752689251
247.1039276123,247.5776824951,,303.521885057,0.1858777249
250.7523345947,251.2227783203,,301.088,0.1671792479
252.8276367188,253.2584533691,,305.380666667,0.1720902326
254.2539520264,254.7035369873,,300.996321839,0.1552921628
252.8829040527,253.2968139648,,289.987678161,0.1279529335
253.4958496094,253.8830871582,,287.103548387,0.1170577618
255.3008270264,255.7140808105,,278.183,0.0822558279
252.82371521,253.1790924072,,282.903666667,0.1063257745
252.3845672607,252.7095794678,,273.784666667,0.0781639807
252.7399902344,252.9891967773,,275.685666667,0.0832313
254.2974243164,254.4479827881,,282.953,0.1012732704
255.1637115479,255.3231964111,,283.081666667,0.0986215584
255.6820526123,255.8116760254,,277.263709677,0.077838016
254.0194854736,254.0852966309,,273.397149425,0.0708773445
256.7760009766,256.8786621094,,259.985517241,0.012344981
256.7177429199,256.7705383301,,255.855862069,0.0033686187
256.6754760742,256.6857910156,,256.47548913,0.0007797507
254.5359191895,254.467376709,,253.654958333,0.0034730678
252.8652954102,252.7159729004,,255.2652849,0.0094019423
254.4860992432,254.3367919922,,257.732,0.0125940929
255.3700561523,255.229309082,,250.421666667,0.019760229
254.4502868652,254.2664031982,,247.88,0.0265059176
256.5411071777,256.3682861328,,229.797251462,0.1163802245
261.9817504883,261.8167419434,,229.474747126,0.1416583034
265.2954101563,265.1836547852,,229.867344828,0.1541239594
267.2135314941,267.0379333496,,228.471,0.1695730815
259.6339416504,259.4254760742,,227.611402299,0.1406895218
264.4273376465,264.2577514648,,230.216068966,0.1486050424
264.1491088867,263.8734741211,,227.314229885,0.1620438765
276.5757446289,276.3677978516,,222.400698925,0.2435920659
279.5100402832,279.3279418945,,221.908,0.2595762221
284.5146789551,284.4237365723,,223.026333333,0.2756999351
287.8174743652,287.6871948242,,218.962592593,0.3144595657
293.3137512207,293.3022155762,,222.165862069,0.3202467224
291.5999145508,291.3421020508,,221.662333333,0.3155140531
294.3338012695,294.1629638672,,228.374482759,0.2888208775
301.6199035645,301.5205078125,,221.057,0.3644440283
292.6066589355,292.3672790527,,221.606551724,0.3203881233
295.1170349121,294.9229736328,,221.735172414,0.3309437186
294.3155822754,293.938293457,,219.782758621,0.3391204302
303.4993896484,303.2884216309,,215.236666667,0.4100728949
298.7267150879,298.1956481934,,216.10862069,0.3822989297
310.8201599121,310.2412109375,,225.113103448,0.3807288654
328.5354614258,328.4782409668,,232.490344828,0.4131144313
331.5766906738,331.609161377,,230.305333333,0.4397264965
316.4763793945,316.2195129395,,227.743,0.3896206663
303.6455688477,303.1148986816,,229.588,0.3225672459
301.3321533203,300.7914123535,,227.76962963,0.3229689744
294.4404907227,293.7375183105,,226.203666667,0.301660999
308.0187072754,307.3175354004,,225.643666667,0.3650669298
309.9797058105,309.3234558105,,229.031666667,0.3534360131
304.592590332,303.8581848145,,229.122010753,0.3293903512
313.5888671875,312.7590332031,,237.184,0.3221333108
304.8428955078,303.9738769531,,242.269344828,0.2582809258
298.4354858398,297.5310058594,,239.819591398,0.2444166221
300.5484008789,299.5543823242,,233.314,0.2881713094
318.833190918,318.0605773926,,240.287666667,0.3268812143
302.1627502441,301.31640625,,240.958666667,0.2540024164
291.9559631348,290.8406982422,,239.839,0.217299785
291.9407653809,290.7364196777,,235.809032258,0.2380389444
300.9588317871,299.9289550781,,237.207333333,0.2687585479
302.6360473633,301.4466247559,,245.051494624,0.2349896002
316.6048278809,315.8814697266,,243.553666667,0.2999386633
296.5770263672,295.3100585938,,236.918,0.2518129748
334.7449951172,334.0589294434,,236.859333333,0.4132649552
306.2815856934,304.8922729492,,238.121,0.2862434884
322.7683105469,321.9791259766,,239.990333333,0.3449221311
304.5278930664,303.2298278809,,245.141,0.2422560611
307.0925292969,305.8251037598,,247.362666667,0.2414667639
305.4950866699,304.4020385742,,247.508,0.2342836865
307.8165283203,306.4935913086,,241.692763441,0.2735860352
288.0599975586,286.3159484863,,242.677333333,0.1870082533
289.3533325195,287.5438537598,,244.042,0.1856702228
317.0062866211,315.8632507324,,246.601741935,0.2854989755
333.89453125,332.8048706055,,247.901333333,0.3468847737
306.7902832031,305.1828613281,,246.029516129,0.2469653561
302.8987121582,301.1940917969,,247.782666667,0.2224370503
298.2449035645,296.4917297363,,250.120666667,0.1924040806
295.0994873047,293.178894043,,251.602,0.1728821206
306.9794921875,305.4368591309,,254.105666667,0.2080781047
301.2491455078,299.3316650391,,247.114333333,0.2190678762
322.0982055664,320.8255615234,,258.97127957,0.2437603355
310.4876708984,308.8648681641,,263.252946237,0.1794271454
325.3955078125,323.7665100098,,263.260666667,0.2360202226
308.9451599121,307.0592956543,,256.110333333,0.2062971294
318.2210388184,316.7355041504,,261.442666667,0.2171733209
305.8797912598,307.7184753418,,256.725333333,0.1914671111
321.3737792969,323.2308959961,,259.014666667,0.2407551411
317.9799194336,319.8551635742,,267.528,0.1885855665
317.9328613281,319.7936401367,,260.996333333,0.2181506815
301.7404174805,303.4112243652,,263.13,0.1467351404
312.2044372559,313.9497375488,,257.166311828,0.2140176333
325.8325805664,327.5989074707,,258.263333333,0.2616292695
310.0283508301,311.8140258789,,261.325,0.1863708058
307.6042480469,309.1559143066,,260.255666667,0.1819310295
306.6660766602,308.2149353027,,268.257333333,0.1431787264
304.8925476074,306.384979248,,268.394516129,0.1359865023
302.5165405273,304.0224609375,,266.682666667,0.1343689648
286.734954834,288.2426757813,,263.031666667,0.0901157205
286.6083374023,287.9630432129,,265.805,0.0782654104
295.1609191895,296.5368652344,,266.901333333,0.1058802723
296.3257446289,297.7813110352,,265.99,0.1140484403
282.5749816895,284.0369567871,,269.455666667,0.0486882135
281.822052002,283.3003234863,,267.967333333,0.0517030136
290.1820983887,291.5116577148,,265.12,0.0945311496
305.7307128906,307.1382446289,,266.563225806,0.1469350732
274.7561950684,276.1282043457,,269.149333333,0.0208317876
274.9422607422,276.280456543,,267.734666667,0.0269206605
297.0291442871,298.3492431641,,267.226666667,0.1115250884
278.1588439941,279.3561706543,,268.373666667,0.0364610189
273.1692199707,274.390625,,269.622623656,0.013153927
274.3329162598,275.5274353027,,270.421,0.0144660225
277.8040161133,278.8872070313,,272.627666667,0.0189868824
274.5642089844,275.6614990234,,270.481,0.0150961028
278.1007080078,279.1987915039,,271.168333333,0.0255648386
266.5003051758,267.5316772461,,271.116,0.0170247969
269.5668334961,270.5637817383,,266.138,0.0128836675
277.5449523926,278.6171569824,,270.989,0.0241926882
258.0670776367,259.2039794922,,267.818419355,0.0364102728
275.6734619141,276.6015930176,,281.457666667,0.0205508872
272.4689331055,273.4380187988,,275.934666667,0.0125599788
264.7815856934,265.7842407227,,270.639333333,0.0216441105
264.0891113281,265.0562133789,,269.718666667,0.020871953
264.9592285156,265.9250793457,,267.145034483,0.0081820947
263.9339904785,264.9459228516,,268.584849462,0.0173161628
269.3855285645,270.4319458008,,266.252,0.011769033
273.5744018555,274.6966552734,,264.957333333,0.032522476
269.5936584473,270.623260498,,267.693666667,0.0070976344
265.752746582,266.7405090332,,261.957333333,0.0144886696
263.0864257813,264.092376709,,261.535,0.0059320006
264.6405334473,265.5454406738,,259.092258065,0.0214142847
263.0487365723,263.9547729492,,259.332666667,0.0143293552
265.2128601074,266.0866394043,,262.601333333,0.0099448344
257.1548461914,258.037689209,,256.509333333,0.0025165278
257.8467712402,258.6947021484,,266.865666667,0.0337956379
258.8380432129,259.6582946777,,270.131612903,0.0418076565
254.8421478271,255.5160980225,,264.535,0.0366410954
254.931640625,255.5689697266,,261.017333333,0.0233152819
253.1569061279,253.7476654053,,258.568666667,0.0209296842
249.2683105469,249.8168487549,,260.25755914,0.0422245126
251.2836303711,251.7825775146,,259.946344086,0.0333250069
249.0009613037,249.4528045654,,258.204,0.0356425102
247.4795379639,247.9829711914,,261.193827586,0.0525061781
246.2218017578,246.692489624,,256.101521164,0.0385773554
249.3530426025,249.7799377441,,254.644814815,0.0207809934
251.9720458984,252.2966918945,,256.090740741,0.016082951
251.3530578613,251.643737793,,254.713660969,0.0131936508
254.5123748779,254.7754211426,,255.684045584,0.0045824944
248.3326721191,248.4886932373,,270.582172414,0.0822282566
249.1014556885,249.2259063721,,273.781,0.0901433785
253.1167755127,253.2281799316,,274.275735632,0.0771448487
256.3145751953,256.4646606445,,279.575333333,0.0832003234
256.668548584,256.7738037109,,276.818333333,0.072790644
260.1465454102,260.1922302246,,268.323448276,0.0304740526
259.7250061035,259.902557373,,269.080333333,0.0347677852
256.3908691406,256.5010070801,,271.713548387,0.0563927686
258.2575073242,258.3261108398,,271.946666667,0.0503376618
254.862701416,254.8984375,,272.095666667,0.0633342143
250.9300079346,250.9376983643,,271.785,0.0767334182
253.4757995605,253.4195098877,,272.895666667,0.0711622407
266.3688049316,266.3426208496,,272.946129032,0.0240975174
265.4044189453,265.3208007813,,266.848,0.0054097503
263.5202636719,263.3728027344,,266.959333333,0.0128823728
258.1182250977,258.0329589844,,262.465,0.0165613507
256.7095947266,256.5641479492,,268.799965517,0.0449790638
257.1190490723,256.9407043457,,265.096623656,0.0300930826
254.5740661621,254.3352508545,,264.042204301,0.0358584271
254.9708557129,254.7096710205,,257.482666667,0.0097552623
256.5769042969,256.3287963867,,262.232172414,0.0215658821
255.5473632813,255.2479400635,,265.346,0.0369277725
255.7250823975,255.4037475586,,259.147,0.0132045426
257.8374633789,257.5148010254,,256.558804598,0.0049838819
265.2301635742,264.746673584,,256.205731183,0.0352233822
265.4844665527,264.966583252,,256.439333333,0.0352720197
264.649017334,264.0395812988,,260.932666667,0.0142425658
260.9911193848,260.3464355469,,260.756333333,0.000900404
260.9399719238,260.2799072266,,267.538214286,0.0246628033
265.2522583008,264.6278381348,,261.399074074,0.0147406193
266.8313598633,266.0725097656,,254.279846154,0.0493610245
269.711517334,268.9827270508,,253.596296296,0.0635467524
268.8043823242,268.0853271484,,252.001764706,0.0666765871
274.943359375,274.2366943359,,248.678333333,0.1056184738
273.7681884766,273.0208740234,,248.025,0.1037927164
275.9690856934,275.2340393066,,249.03,0.1081760659
259.4566650391,258.5960693359,,247.750183824,0.0472511505
267.2676391602,266.512512207,,236.844583333,0.1284515584
260.1634521484,259.2631835938,,235.335365591,0.1055008732
258.5416870117,257.5779724121,,241.042602151,0.0725974774
263.1672973633,262.2651672363,,243.09716129,0.0825601417
261.8747253418,260.8354492188,,249.420827957,0.0499312647
269.4097290039,268.3616027832,,238.716763441,0.1285748228
270.5042724609,269.4683532715,,232.129139785,0.1653180325
282.7733459473,281.5848999023,,227.513010753,0.2428886814
271.0992126465,269.922454834,,229.379333333,0.1818815963
275.2874755859,274.1760253906,,231.472075269,0.1892902211
276.4293518066,275.3191223145,,232.550021505,0.1886877069
277.9507141113,276.8831787109,,231.334096774,0.20151209
274.100189209,272.8566589355,,233.758204301,0.1725799744
274.3380432129,273.2078552246,,234.113666667,0.1718155848
271.661315918,270.3963928223,,236.204642857,0.1501099751
283.5693664551,282.4618225098,,234.36516129,0.2099467553
277.6185302734,276.2364807129,,233.907333333,0.1868739912
272.2842102051,270.8518981934,,241.481612903,0.1275566985
277.7360229492,276.3756713867,,240.030666667,0.1570855791
279.4028015137,277.8740539551,,228.608666667,0.2221881418
282.9940185547,281.3474731445,,227.401333333,0.2444694778
282.878692627,281.3093566895,,229.52927957,0.2324296628
289.3133850098,287.8383178711,,227.970010753,0.2690852804
285.0312194824,283.3691711426,,227.126,0.2549475599
281.0397949219,279.2967224121,,225.273870968,0.2475472353
284.6992797852,282.9761962891,,228.337647783,0.2468346002
287.2479248047,285.672668457,,227.224224138,0.2641606585
268.3091125488,266.8155822754,,227.37,0.1800550317
292.4622497559,290.5648193359,,228.744666667,0.2785533058
295.4172973633,293.6027832031,,225.529413793,0.309883675
279.5025634766,277.6585083008,,223.583333333,0.2501046447
289.3380737305,287.5107421875,,231.812643678,0.2481548424
287.1772155762,285.2982788086,,230.134034483,0.2478693828
294.9486999512,293.3846740723,,227.245666667,0.2979288198
285.4411010742,283.619140625,,223.242666667,0.2786135614
278.3368225098,276.3164367676,,224.407931034,0.2403163348
274.4727783203,272.4523620605,,226.460666667,0.2120108201
270.9932250977,268.9383850098,,229.585,0.1803611956
264.986328125,263.1303100586,,233.355333333,0.135548626
269.471496582,267.731628418,,238.528666667,0.1297237366
278.80859375,276.6680603027,,240.142516129,0.1610130444
293.8155212402,291.7869567871,,247.690129032,0.1862221655
277.9179992676,275.7179260254,,248.575333333,0.1180433535
279.8630371094,277.6354370117,,254.958666667,0.0976800309
280.1703186035,278.0805664063,,259.645301075,0.0790502175
270.6494445801,272.0085449219,,265.037376344,0.0211746295
284.739074707,286.2031860352,,270.059333333,0.0543574673
268.6537780762,269.9897155762,,266.421666667,0.0083781152
267.1145935059,268.437286377,,266.97311828,0.0005299231
268.1115112305,269.4278869629,,263.371236559,0.0179984524
268.8649902344,270.1888427734,,263.049333333,0.0221086168
272.4624633789,273.7960510254,,261.359,0.04248357
271.646697998,272.9551696777,,277.207569892,0.0200603176
276.9480285645,278.2505187988,,285.344,0.0294240336
271.4486999512,272.7210388184,,285.784666667,0.0501635266
280.6831359863,282.0077209473,,302.791333333,0.0730146306
267.4722900391,268.6996154785,,304.165666667,0.1206361554
261.5933837891,262.8927307129,,301.87072043,0.133425781
267.800994873,269.1600646973,,314.049666667,0.1472654701
274.5361633301,275.645111084,,320.032,0.1421602736
277.1748657227,278.3827819824,,324.591333333,0.1460805103
270.3372802734,271.5487976074,,330.891333333,0.183002838
275.4799499512,276.7565612793,,345.835666667,0.2034368444
258.2273254395,259.5350036621,,345.704,0.2530392317
267.4261779785,268.6014099121,,350.788,0.2376416013
257.934967041,259.21875,,357.036795699,0.27756755
275.1994018555,276.2767028809,,362.295666667,0.2404010669
265.7474975586,267.0191345215,,364.583769231,0.2710934496
257.6944885254,258.9539489746,,380.43,0.3226231146
259.0389709473,260.2617797852,,386.485818182,0.329758147
255.5632781982,256.7851257324,,374.408,0.3174203591
266.4189758301,267.4760742188,,363.639090909,0.2673533113
254.2459259033,255.4643249512,,364.126,0.3017638787
269.5730285645,270.634552002,,362.126,0.2555822322
258.0400390625,259.2455749512,,360.712,0.2846369429
252.5619659424,253.7737121582,,359.787023569,0.2980236935
261.2725830078,262.5463562012,,357.459636364,0.2690850758
266.5281982422,267.5887145996,,362.975272727,0.2657125202
272.3207702637,273.4035339355,,364.4,0.2526872386
259.3843383789,260.5926513672,,364.257272727,0.2879089649
258.484954834,259.6590881348,,364.023148148,0.2899216543
270.6503295898,271.5738830566,,357.908081169,0.2437993333
248.3369293213,249.4416503906,,360.903686869,0.3119024871
248.856918335,249.3411865234,,376.923609428,0.3397682923
251.6498413086,252.1351928711,,379.942222222,0.3376628693
253.1445770264,253.573638916,,374.759680135,0.324514908
248.2573242188,248.7351074219,,381.056545455,0.348502664
247.4488067627,247.880065918,,378.461941558,0.3461725484
247.5203399658,247.9088745117,,381.637222222,0.3514250562
251.3384552002,251.6254730225,,387.423818182,0.35125709
259.4808654785,259.8432617188,,376.181454545,0.3102241954
252.9916229248,253.3098602295,,373.190545455,0.3220845865
253.2604522705,253.5359954834,,368.189107143,0.3121457225
249.6012115479,249.789855957,,373.937272727,0.3325051292
252.0218658447,252.167175293,,375.027636364,0.3279912161
254.9231414795,255.0133209229,,384.480461039,0.3369672394
250.3702392578,250.3015441895,,387.288035714,0.3535296313
